Edge per part,Time Execution MWM,Total Cost MWM,Time Execution AU,Total Cost AU,Winner
3,454.346us,93.3461,891.927us,77.1867,AU
4,429.388us,124.364,526.936us,124.364,None
5,838.066us,135.411,2.37415ms,135.411,None
6,559.093us,205.418,4.86613ms,188.608,AU
7,1.03178ms,217.754,3.47166ms,214.059,AU
8,1.11662ms,278.385,6.84711ms,277.812,AU
9,1.62376ms,314.112,5.48834ms,314.112,None
10,1.87601ms,346.44,6.96145ms,345.651,AU
